{"cameraMode":{"drawMode":0,"name":"Shaded","section":"Shading Mode"},"sceneLighting":true,"audioPlay":false,"sceneViewState":{"m_AlwaysRefresh":false,"showFog":true,"showSkybox":true,"showFlares":true,"showImageEffects":true,"showParticleSystems":true,"showVisualEffectGraphs":true,"m_FxEnabled":false},"in2DMode":false,"pivot":{"x":163.25418090820313,"y":82.8069839477539,"z":-67.9690170288086},"rotation":{"x":0.03351590037345886,"y":-0.0024203318171203138,"z":-0.0005125046009197831,"w":0.9996488094329834},"size":42.783973693847659,"orthographic":false}